message,image
🔥 K1RÃ PRÉ1ÃT 🔥 Mega file: https://direct-link.net/9552100/ysfBhqAJHUOB **@everyone**,1.webp
🔥 ÏÁÁRÁ2 🔥 Mega file: https://direct-link.net/9552100/ysfBhqAJHUOB **@everyone**,2.webp
🔥 PR€TTYKK!TTYKÄT 🔥 Mega file: https://direct-link.net/9552100/ysfBhqAJHUOB **@everyone**,3.webp
🔥 ÁTH3NÁLYN33 🔥 Mega file: https://direct-link.net/9552100/ysfBhqAJHUOB **@everyone**,4.webp
🔥 KÉHD 🔥 Mega file: https://direct-link.net/9552100/ysfBhqAJHUOB **@everyone**,5.webp
🔥 ÇÚDDLYML5 🔥 Mega file: https://direct-link.net/9552100/ysfBhqAJHUOB **@everyone**,6.webp
🔥 TNYX0 🔥 Mega file: https://direct-link.net/9552100/ysfBhqAJHUOB **@everyone**,7.webp
🔥 $PHÎ3 MD 🔥 Mega file: https://direct-link.net/9552100/ysfBhqAJHUOB **@everyone**,8.webp
🔥 FÅLHÅFÅY 🔥 Mega file: https://direct-link.net/9552100/ysfBhqAJHUOB **@everyone**,9.webp
🔥 R€WTHM 🔥 Mega file: https://direct-link.net/9552100/ysfBhqAJHUOB **@everyone**,10.webp
🔥 MØ5T V3W3D PÄÇK - 46 🔥 Mega file: https://direct-link.net/9552100/ysfBhqAJHUOB **@everyone**,11.webp
🔥 TÃY8ÃÉL0LLL 🔥 Mega file: https://direct-link.net/9552100/ysfBhqAJHUOB **@everyone**,12.webp
🔥 VÂLÉRÉ WHTÉ 🔥 Mega file: https://direct-link.net/9552100/ysfBhqAJHUOB **@everyone**,13.webp
🔥 PNDØR KK1 🔥 Mega file: https://direct-link.net/9552100/ysfBhqAJHUOB **@everyone**,14.webp
🔥 ÃLLÎ3 DÚNN 🔥 Mega file: https://direct-link.net/9552100/ysfBhqAJHUOB **@everyone**,15.webp
🔥 *PFHÀ 🔥 Mega file: https://direct-link.net/9552100/ysfBhqAJHUOB **@everyone**,16.webp
🔥 H*LÃ365 🔥 Mega file: https://direct-link.net/9552100/ysfBhqAJHUOB **@everyone**,17.webp
🔥 L3X11 V10L3TT 🔥 Mega file: https://direct-link.net/9552100/ysfBhqAJHUOB @everyone,18.webp
🔥 LÛVTRÛK 🔥 Mega file: https://direct-link.net/9552100/ysfBhqAJHUOB @everyone,19.webp
🔥 R£ÄLKÄTÏ£L£ 🔥 Mega file: https://direct-link.net/9552100/ysfBhqAJHUOB @everyone,20.webp
🔥 HNNH ØWØ 🔥 Mega file: https://direct-link.net/9552100/ysfBhqAJHUOB @everyone,21.webp
🔥 D3§§ÄR§ÄLÏV3 🔥 Mega file: https://direct-link.net/9552100/ysfBhqAJHUOB @everyone,22.webp
🔥 TTM HRÍŠTÍN 🔥 Mega file: https://direct-link.net/9552100/ysfBhqAJHUOB @everyone,23.webp
🔥 LØ* KHØVNK 🔥 Mega file: https://direct-link.net/9552100/ysfBhqAJHUOB @everyone,24.webp
🔥 §PH3 RÂN 🔥 Mega file: https://direct-link.net/9552100/ysfBhqAJHUOB @everyone,25.webp
🔥 ÈM1LÈÈX 🔥 Mega file: https://direct-link.net/9552100/ysfBhqAJHUOB @everyone,26.webp
🔥 MÃDÎRÚVÈ 🔥 Mega file: https://direct-link.net/9552100/ysfBhqAJHUOB @everyone,27.webp
🔥 HL€€€R€€W€ 🔥 Mega file: https://direct-link.net/9552100/ysfBhqAJHUOB @everyone,28.webp
🔥 HÄYLY MÄXFLD 🔥 Mega file: https://direct-link.net/9552100/ysfBhqAJHUOB @everyone,29.webp
🔥 ÍZZY RÉÉN 🔥 Mega file: https://direct-link.net/9552100/ysfBhqAJHUOB @everyone,30.webp
